{
    "northwestern.edu": {
        "scan_time": 1615945990.4925833,
        "ipv4_addresses": [
            "129.105.136.48"
        ],
        "tls_versions": [
            "TLSv1.0",
            "TLSv1.1",
            "TLSv1.2"
        ]
    },
    "mccormick.northwestern.edu": {
        "scan_time": 1615945991.1674964,
        "ipv4_addresses": [
            "129.105.1.129"
        ],
        "tls_versions": [
            "TLSv1.0",
            "TLSv1.1",
            "TLSv1.2"
        ]
    },
    "kellogg.northwestern.edu": {
        "scan_time": 1615945992.298695,
        "ipv4_addresses": [
            "165.124.147.150"
        ],
        "tls_versions": [
            "TLSv1.0",
            "TLSv1.1",
            "TLSv1.2"
        ]
    },
    "users.cs.northwestern.edu": {
        "scan_time": 1615945992.8123183,
        "ipv4_addresses": [
            "165.124.180.20"
        ],
        "tls_versions": [
            "TLSv1.2"
        ]
    },
    "it.eecs.northwestern.edu": {
        "scan_time": 1615945993.4212828,
        "ipv4_addresses": [
            "129.105.8.2"
        ],
        "tls_versions": []
    },
    "uchicago.edu": {
        "scan_time": 1615945995.4376464,
        "ipv4_addresses": [
            "34.200.129.209"
        ],
        "tls_versions": []
    },
    "illinois.edu": {
        "scan_time": 1615945997.4569845,
        "ipv4_addresses": [
            "192.17.172.3"
        ],
        "tls_versions": [
            "TLSv1.0",
            "TLSv1.1",
            "TLSv1.2"
        ]
    },
    "stevetarzia.com": {
        "scan_time": 1615945998.728161,
        "ipv4_addresses": [
            "54.245.121.172"
        ],
        "tls_versions": []
    },
    "clocktab.com": {
        "scan_time": 1615946000.7436135,
        "ipv4_addresses": [
            "104.21.35.119",
            "clocktab.com",
            "172.67.220.24"
        ],
        "tls_versions": [
            "TLSv1.0",
            "TLSv1.1",
            "TLSv1.2",
            "TLSv1.3"
        ]
    },
    "auditoryneuroscience.com": {
        "scan_time": 1615946016.9682207,
        "ipv4_addresses": [
            "144.214.26.111"
        ],
        "tls_versions": []
    },
    "asee.org": {
        "scan_time": 1615946018.982955,
        "ipv4_addresses": [
            "216.185.13.131"
        ],
        "tls_versions": []
    },
    "gradeinflation.com": {
        "scan_time": 1615946020.9977615,
        "ipv4_addresses": [
            "66.70.176.24"
        ],
        "tls_versions": [
            "TLSv1.2",
            "TLSv1.3"
        ]
    },
    "spacejam.com": {
        "scan_time": 1615946322.1633246,
        "ipv4_addresses": [
            "75.2.104.223",
            "spacejam.com",
            "99.83.180.228"
        ],
        "tls_versions": []
    },
    "pmichaud.com": {
        "scan_time": 1615946324.2170172,
        "ipv4_addresses": [
            "23.254.203.248"
        ],
        "tls_versions": []
    },
    "kli.org": {
        "scan_time": 1615946326.2324562,
        "ipv4_addresses": [
            "172.67.202.249",
            "kli.org",
            "104.21.22.57"
        ],
        "tls_versions": [
            "TLSv1.0",
            "TLSv1.1",
            "TLSv1.2",
            "TLSv1.3"
        ]
    }
}