{
    "amazon.com": {
        "scan_time": 1615541228.1321445
    },
    "asee.org": {
        "scan_time": 1615541228.1321445
    },
    "auditoryneuroscience.com": {
        "scan_time": 1615541228.1321445
    },
    "clocktab.com": {
        "scan_time": 1615541228.1321445
    },
    "en.wikipedia.org": {
        "scan_time": 1615541228.1321445
    },
    "facebook.com": {
        "scan_time": 1615541228.1321445
    },
    "fandom.com": {
        "scan_time": 1615541228.1321445
    },
    "gradeinflation.com": {
        "scan_time": 1615541228.1321445
    },
    "illinois.edu": {
        "scan_time": 1615541228.1321445
    },
    "imdb.com": {
        "scan_time": 1615541228.1321445
    },
    "instagram.com": {
        "scan_time": 1615541228.1321445
    },
    "it.eecs.northwestern.edu": {
        "scan_time": 1615541228.1321445
    },
    "kellogg.northwestern.edu": {
        "scan_time": 1615541228.1321445
    },
    "kli.org": {
        "scan_time": 1615541228.1321445
    },
    "mccormick.northwestern.edu": {
        "scan_time": 1615541228.1321445
    },
    "northwestern.edu": {
        "scan_time": 1615541228.1321445
    },
    "pinterest.com": {
        "scan_time": 1615541228.1321445
    },
    "pmichaud.com": {
        "scan_time": 1615541228.1321445
    },
    "reddit.com": {
        "scan_time": 1615541228.1321445
    },
    "spacejam.com": {
        "scan_time": 1615541228.1321445
    },
    "stevetarzia.com": {
        "scan_time": 1615541228.1321445
    },
    "tripadvisor.com": {
        "scan_time": 1615541228.1321445
    },
    "twitter.com": {
        "scan_time": 1615541228.1321445
    },
    "uchicago.edu": {
        "scan_time": 1615541228.1321445
    },
    "users.cs.northwestern.edu": {
        "scan_time": 1615541228.1321445
    },
    "walmart.com": {
        "scan_time": 1615541228.1321445
    },
    "yelp.com": {
        "scan_time": 1615541228.1321445
    },
    "youtube.com": {
        "scan_time": 1615541228.1321445
    }
}